📱 Desktop PDF Intelligence App - Complete Implementation Guide,,,,,
,,,,,
"PURPOSE: Build a user-friendly desktop app for OCR, EPUB conversion, and intelligent offline PDF querying",,,,,
,,,,,
COMPONENT,TECHNOLOGY,PURPOSE,COMPLEXITY HIDDEN FROM USER,,
Desktop Shell,Electron / Tauri,Cross-platform desktop app with system tray,All code runs behind simple UI,,
OCR Engine,Tesseract.js / pdf2image,Extract text from scanned PDFs,One-click 'Make Searchable' button,,
EPUB Converter,Calibre CLI / epub-to-pdf,Convert EPUB files to PDF,Drag-drop conversion,,
Search Index,Lunr.js / FlexSearch / MiniSearch,Offline full-text search with fuzzy matching,Simple search bar,,See 21_Architecture_v2: FlexSearch is candidate-gen only; BM25 reranks
Semantic Understanding,TF-IDF + Synonym Expansion,Intent-aware searching without LLM,Automatic query expansion,,SUPERSEDED — See 15_Hybrid_BM25_HyDE + 17_Offline_TFIDF_Snowball for proper BM25+Snowball; 8_Synonyms demoted to optional boost
Quote Extractor,Custom NLP rules + regex,"Find quotes, citations, key passages",Find Quotes' button,,See 14_Semantic_Chunking (structure-aware chunks) + quote detection stays
UI Framework,React / Svelte / Vue,"Clean, simple interface",No config files exposed,,
File Management,Node.js fs / SQLite,Organize and track PDFs,Library view with folders,,
,,,,,
🎯 KEY FEATURES FOR NON-TECHNICAL USERS,,,,,
Feature,User Experience,Technical Implementation,,,
One-Click Install,Download → Double-click → Done,Electron Builder / Tauri bundler,,,
Desktop Shortcut,"Icon on desktop, in Start Menu",Auto-created during install,,,
Drag & Drop,Drop files onto window,HTML5 drag-drop events,,,
Progress Indicators,See status: 'Processing...',Async operations with progress bars,,,
Simple Search,Type naturally: 'quotes about love',Query parser + synonym expansion,,,
Instant Results,Results appear in <1 second,Pre-built search index,,,
Copy Citations,Click to copy with page number,Clipboard API,,,
Dark/Light Mode,Toggle in settings,CSS variables,,,
